フォントID,フォント名,ToUnicodeID,🔴康煕部首,🔴部首補助,🔴CJK筆画,🔴互換漢字,🟢康煕部首相当統合漢字,🟢部首補助相当統合漢字,🟢筆画相当統合漢字,🟢互換漢字相当統合漢字,⚪その他一般文字
129,"Unknown",905,0,6,0,0,0,0,0,0,1
128,"Unknown",897,0,3,0,0,0,0,0,0,1
127,"Unknown",892,0,2,0,0,0,0,0,0,1
126,"Unknown",888,0,1,0,0,0,0,0,0,1
125,"Unknown",885,0,16,0,0,0,0,0,0,5
124,"Unknown",856,2,1,0,0,0,0,0,0,1
123,"Unknown",851,10,4,0,0,0,0,0,0,1
122,"Unknown",835,7,5,0,0,0,0,0,0,1
121,"Unknown",821,7,1,0,0,0,0,0,0,1
120,"Unknown",811,2,3,0,0,0,0,0,0,2
119,"Unknown",801,5,0,0,0,0,0,0,0,1
118,"Unknown",794,3,1,0,0,0,0,0,0,2
117,"Unknown",786,5,1,0,0,0,0,0,0,1
116,"Unknown",778,5,1,0,0,0,0,0,0,1
115,"Unknown",770,4,4,0,0,0,0,0,0,1
114,"Unknown",760,3,1,0,0,0,0,0,0,1
113,"Unknown",754,2,1,0,0,0,0,0,0,1
112,"Unknown",749,10,1,0,0,0,0,0,0,1
111,"Unknown",736,6,2,0,0,0,0,0,0,1
110,"Unknown",726,4,3,0,0,0,0,0,0,1
109,"Unknown",717,2,1,0,0,0,0,0,0,1
108,"Unknown",712,1,0,0,0,0,0,0,0,1
107,"Unknown",709,4,1,0,0,0,0,0,0,1
106,"Unknown",702,4,1,0,0,0,0,0,0,1
105,"Unknown",695,5,0,0,0,0,0,0,0,1
104,"Unknown",688,8,0,0,0,0,0,0,0,1
103,"Unknown",678,2,0,0,0,0,0,0,0,1
102,"Unknown",674,8,1,0,0,0,0,0,0,1
101,"Unknown",663,1,1,0,0,0,0,0,0,1
100,"Unknown",659,5,2,0,0,0,0,0,0,1
99,"Unknown",650,5,3,0,0,0,0,0,0,1
98,"Unknown",640,3,0,0,0,0,0,0,0,1
97,"Unknown",635,8,3,0,0,0,0,0,0,1
96,"Unknown",622,3,1,0,0,0,0,0,0,1
95,"Unknown",616,5,1,0,0,0,0,0,0,1
94,"Unknown",608,8,9,0,0,0,0,0,0,1
93,"Unknown",589,6,2,0,0,0,0,0,0,1
92,"Unknown",579,1,0,0,0,0,0,0,0,1
91,"Unknown",576,5,0,0,0,0,0,0,0,1
90,"Unknown",569,2,0,0,0,0,0,0,0,1
89,"Unknown",565,10,1,0,0,0,0,0,0,1
88,"Unknown",552,5,1,0,0,0,0,0,0,1
87,"Unknown",544,6,1,0,0,0,0,0,0,1
86,"Unknown",535,9,5,0,0,0,0,0,0,1
85,"BDAAAA+BIZUDPGothic-Regular",519,0,0,0,0,9,0,0,2,1
84,"ADAAAA+BIZUDPGothic-Regular",515,0,0,0,0,1,0,0,0,1
83,"ZCAAAA+BIZUDPGothic-Regular",511,0,0,0,0,3,0,0,0,1
82,"YCAAAA+BIZUDPGothic-Regular",507,0,0,0,0,1,0,0,0,1
81,"XCAAAA+BIZUDPGothic-Regular",503,0,0,0,0,3,0,0,0,1
80,"WCAAAA+BIZUDPGothic-Regular",499,0,0,0,0,2,0,0,0,1
79,"VCAAAA+BIZUDPGothic-Regular",495,0,0,0,0,2,0,0,0,1
78,"UCAAAA+BIZUDPGothic-Regular",491,0,0,0,0,1,0,0,0,1
77,"TCAAAA+BIZUDPGothic-Regular",487,0,0,0,0,1,0,0,0,1
76,"SCAAAA+BIZUDPGothic-Regular",483,0,0,0,0,1,0,0,0,1
75,"RCAAAA+BIZUDPGothic-Regular",479,0,0,0,0,1,0,0,1,1
74,"QCAAAA+BIZUDPGothic-Regular",475,0,0,0,0,1,0,0,0,1
73,"PCAAAA+BIZUDPGothic-Regular",471,0,0,0,0,0,0,0,1,2
72,"OCAAAA+BIZUDPGothic-Regular",467,0,0,0,0,3,0,0,0,1
71,"NCAAAA+BIZUDPGothic-Regular",463,0,0,0,0,1,0,0,1,1
70,"MCAAAA+BIZUDPGothic-Regular",459,0,0,0,0,1,0,0,0,1
69,"LCAAAA+BIZUDPGothic-Regular",455,0,0,0,0,2,0,0,0,1
68,"KCAAAA+BIZUDPGothic-Regular",451,0,0,0,0,2,0,0,0,1
67,"JCAAAA+BIZUDPGothic-Regular",447,0,0,0,0,3,0,0,0,1
66,"ICAAAA+BIZUDPGothic-Regular",443,0,0,0,0,1,0,0,0,1
65,"HCAAAA+BIZUDPGothic-Regular",439,0,0,0,0,1,0,0,0,1
64,"GCAAAA+BIZUDPGothic-Regular",435,0,0,0,0,2,0,0,0,1
63,"FCAAAA+BIZUDPGothic-Regular",431,0,0,0,0,4,0,0,0,1
62,"ECAAAA+BIZUDPGothic-Regular",427,0,0,0,0,3,0,0,0,1
61,"DCAAAA+BIZUDPGothic-Regular",423,0,0,0,0,2,0,0,0,1
60,"CCAAAA+BIZUDPGothic-Regular",419,0,0,0,0,1,0,0,0,1
59,"BCAAAA+BIZUDPGothic-Regular",415,0,0,0,0,6,0,0,0,1
58,"ACAAAA+BIZUDPGothic-Regular",411,0,0,0,0,1,0,0,1,1
57,"ZBAAAA+BIZUDPGothic-Regular",407,0,0,0,0,1,0,0,0,1
56,"YBAAAA+BIZUDPGothic-Regular",403,0,0,0,0,2,0,0,0,1
55,"XBAAAA+BIZUDPGothic-Regular",399,0,0,0,0,1,0,0,0,1
54,"WBAAAA+BIZUDPGothic-Regular",395,0,0,0,0,3,0,0,0,2
53,"VBAAAA+BIZUDPGothic-Regular",391,0,0,0,0,3,0,0,0,1
52,"UBAAAA+BIZUDPGothic-Regular",387,0,0,0,0,0,0,0,1,1
51,"TBAAAA+BIZUDPGothic-Regular",383,0,0,0,0,4,0,0,0,1
50,"SBAAAA+BIZUDPGothic-Regular",379,0,0,0,0,3,0,0,0,1
49,"RBAAAA+BIZUDPGothic-Regular",375,0,0,0,0,2,0,0,0,1
48,"QBAAAA+BIZUDPGothic-Regular",371,0,0,0,0,0,0,0,2,1
47,"PBAAAA+BIZUDPGothic-Regular",367,0,0,0,0,2,0,0,0,1
46,"OBAAAA+BIZUDPGothic-Regular",363,0,0,0,0,3,0,0,0,1
45,"NBAAAA+BIZUDPGothic-Regular",359,0,0,0,0,3,0,0,0,2
44,"MBAAAA+BIZUDPGothic-Regular",355,0,0,0,0,1,0,0,0,1
43,"LBAAAA+BIZUDPGothic-Regular",351,0,0,0,0,1,0,0,0,1
42,"KBAAAA+BIZUDPGothic-Regular",347,0,0,0,0,1,0,0,0,1
41,"Unknown",343,9,3,0,0,0,0,0,0,1
40,"JBAAAA+BIZUDPGothic-Regular",329,0,0,0,0,2,0,0,0,1
39,"IBAAAA+BIZUDPGothic-Regular",325,0,0,0,0,5,0,0,0,1
38,"HBAAAA+BIZUDPGothic-Regular",321,0,0,0,0,2,0,0,0,1
37,"GBAAAA+BIZUDPGothic-Regular",317,0,0,0,0,2,0,0,1,1
36,"FBAAAA+BIZUDPGothic-Regular",313,0,0,0,0,5,0,0,1,1
35,"EBAAAA+BIZUDPGothic-Regular",309,0,0,0,0,1,0,0,2,1
34,"DBAAAA+BIZUDPGothic-Regular",305,0,0,0,0,1,0,0,0,1
33,"CBAAAA+BIZUDPGothic-Regular",301,0,0,0,0,2,0,0,0,1
32,"BBAAAA+BIZUDPGothic-Regular",297,0,0,0,0,2,0,0,0,1
31,"ABAAAA+BIZUDPGothic-Regular",293,0,0,0,0,4,0,0,1,1
30,"ZAAAAA+BIZUDPGothic-Regular",289,0,0,0,0,1,0,0,0,1
29,"YAAAAA+BIZUDPGothic-Regular",285,0,0,0,0,2,0,0,1,1
28,"XAAAAA+BIZUDPGothic-Regular",281,0,0,0,0,1,1,0,0,1
27,"WAAAAA+BIZUDPGothic-Regular",277,0,0,0,0,1,0,0,0,1
26,"VAAAAA+BIZUDPGothic-Regular",273,0,0,0,0,2,0,0,1,1
25,"UAAAAA+BIZUDPGothic-Regular",269,0,0,0,0,7,0,0,0,1
24,"TAAAAA+BIZUDPGothic-Regular",265,0,0,0,0,1,0,0,0,1
23,"SAAAAA+BIZUDPGothic-Regular",261,0,0,0,0,5,0,0,1,1
22,"RAAAAA+BIZUDPGothic-Regular",257,0,0,0,0,0,0,0,1,1
21,"QAAAAA+BIZUDPGothic-Regular",253,0,0,0,0,5,0,0,0,1
20,"PAAAAA+BIZUDPGothic-Regular",249,0,0,0,0,2,1,0,2,1
19,"Unknown",244,11,4,0,0,0,0,0,0,1
17,"NAAAAA+BIZUDPGothic-Regular",227,0,0,0,0,3,1,0,1,1
16,"MAAAAA+BIZUDPGothic-Regular",223,0,0,0,0,1,0,0,3,3
15,"LAAAAA+BIZUDPGothic-Regular",219,0,0,0,0,3,0,0,0,2
14,"KAAAAA+BIZUDPGothic-Regular",215,0,0,0,0,2,0,0,4,2
13,"JAAAAA+BIZUDPGothic-Regular",211,0,0,0,0,2,0,0,3,1
12,"IAAAAA+BIZUDPGothic-Regular",207,0,0,0,0,0,0,0,0,2
11,"HAAAAA+BIZUDPGothic-Regular",203,0,0,0,0,0,0,0,0,2
10,"GAAAAA+BIZUDPGothic-Regular",199,0,0,0,0,5,0,0,4,1
9,"FAAAAA+BIZUDPGothic-Regular",195,0,0,0,0,4,0,0,6,2
8,"EAAAAA+BIZUDPGothic-Regular",191,0,0,0,0,2,0,0,0,2
7,"DAAAAA+BIZUDPGothic-Regular",187,0,0,0,0,2,1,0,2,1
6,"CAAAAA+BIZUDPGothic-Regular",183,0,0,0,0,4,0,0,3,5
5,"BAAAAA+BIZUDPGothic-Regular",179,0,0,0,0,0,0,0,0,61
4,"AAAAAA+BIZUDPGothic-Regular",175,0,0,0,0,0,0,0,0,10
